Root,ChordType,Index,String1,String2,String3,String4,String5,String6,NumStrings,Inversion
A#,M,0,1.0,1.0,0.0,X,X,X,3,1
A#,M,1,6.0,5.0,3.0,X,X,X,3,0
A#,M,2,6.0,8.0,0.0,X,X,X,3,0
A#,M,3,6.0,5.0,X,X,6.0,X,3,0
A#,M,4,6.0,5.0,X,X,X,1.0,3,0
A#,M,5,6.0,X,0.0,X,6.0,X,3,0
A#,M,6,6.0,X,0.0,X,X,1.0,3,0
A#,M,7,X,1.0,0.0,X,6.0,X,3,0
A#,M,8,X,1.0,0.0,X,X,1.0,3,0
A#,M,9,1.0,1.0,X,7.0,X,X,3,1
A#,M,10,1.0,1.0,X,X,3.0,X,3,1
A#,M,11,6.0,8.0,X,7.0,X,X,3,0
A#,M,12,6.0,8.0,X,X,3.0,X,3,0
A#,M,13,6.0,X,3.0,7.0,X,X,3,0
A#,M,14,6.0,X,3.0,X,3.0,X,3,0
A#,M,15,X,1.0,3.0,7.0,X,X,3,0
A#,M,16,X,1.0,3.0,X,3.0,X,3,0
A#,M,17,6.0,X,X,7.0,6.0,X,3,0
A#,M,18,6.0,X,X,7.0,X,1.0,3,0
A#,M,19,6.0,X,X,X,3.0,1.0,3,0
A#,M,20,X,1.0,X,7.0,6.0,X,3,0
A#,M,21,X,1.0,X,7.0,X,1.0,3,0
A#,M,22,X,1.0,X,X,3.0,1.0,3,0
A#,M,23,1.0,5.0,8.0,X,X,X,3,1
A#,M,24,1.0,5.0,X,3.0,X,X,3,1
A#,M,25,1.0,X,0.0,3.0,X,X,3,1
A#,M,26,X,5.0,3.0,3.0,X,X,3,1
A#,M,27,X,8.0,0.0,3.0,X,X,3,1
A#,M,28,X,5.0,8.0,X,6.0,X,3,1
A#,M,29,X,5.0,8.0,X,X,1.0,3,1
A#,M,30,X,5.0,X,3.0,6.0,X,3,1
A#,M,31,X,5.0,X,3.0,X,1.0,3,1
A#,M,32,X,X,0.0,3.0,6.0,X,3,1
A#,M,33,X,X,0.0,3.0,X,1.0,3,1
A#,M,34,1.0,X,8.0,7.0,X,X,3,1
A#,M,35,1.0,X,8.0,X,3.0,X,3,1
A#,M,36,1.0,X,X,3.0,3.0,X,3,1
A#,M,37,X,8.0,8.0,7.0,X,X,3,1
A#,M,38,X,8.0,8.0,X,3.0,X,3,1
A#,M,39,X,8.0,X,3.0,3.0,X,3,1
A#,M,40,X,X,3.0,3.0,3.0,X,3,1
A#,M,41,X,X,8.0,7.0,6.0,X,3,0
A#,M,42,X,X,8.0,7.0,X,1.0,3,0
A#,M,43,X,X,8.0,X,3.0,1.0,3,0
A#,M,44,X,X,X,3.0,3.0,1.0,3,0
A#,M,45,1.0,5.0,X,X,X,6.0,3,1
A#,M,46,1.0,X,0.0,X,X,6.0,3,1
A#,M,47,X,5.0,3.0,X,X,6.0,3,1
A#,M,48,X,8.0,0.0,X,X,6.0,3,1
A#,M,49,X,5.0,X,X,6.0,6.0,3,1
A#,M,50,X,X,0.0,X,6.0,6.0,3,1
A#,M,51,1.0,X,X,7.0,X,6.0,3,1
A#,M,52,1.0,X,X,X,3.0,6.0,3,1
A#,M,53,X,8.0,X,7.0,X,6.0,3,1
A#,M,54,X,8.0,X,X,3.0,6.0,3,1
A#,M,55,X,X,3.0,7.0,X,6.0,3,1
A#,M,56,X,X,3.0,X,3.0,6.0,3,1
A#,M,57,X,X,X,7.0,6.0,6.0,3,1
A#,M,58,1.0,1.0,0.0,3.0,X,X,4,1
A#,M,59,6.0,5.0,3.0,3.0,X,X,4,0
A#,M,60,6.0,8.0,0.0,3.0,X,X,4,0
A#,M,61,6.0,5.0,8.0,X,6.0,X,4,0
A#,M,62,6.0,5.0,8.0,X,X,1.0,4,0
A#,M,63,6.0,5.0,X,3.0,6.0,X,4,0
A#,M,64,6.0,5.0,X,3.0,X,1.0,4,0
A#,M,65,6.0,X,0.0,3.0,6.0,X,4,0
A#,M,66,6.0,X,0.0,3.0,X,1.0,4,0
A#,M,67,X,1.0,0.0,3.0,6.0,X,4,0
A#,M,68,X,1.0,0.0,3.0,X,1.0,4,0
A#,M,69,1.0,1.0,8.0,7.0,X,X,4,1
A#,M,70,1.0,1.0,8.0,X,3.0,X,4,1
A#,M,71,1.0,1.0,X,3.0,3.0,X,4,1
A#,M,72,6.0,8.0,8.0,7.0,X,X,4,0
A#,M,73,6.0,8.0,8.0,X,3.0,X,4,0
A#,M,74,6.0,8.0,X,3.0,3.0,X,4,0
A#,M,75,6.0,X,3.0,3.0,3.0,X,4,0
A#,M,76,X,1.0,3.0,3.0,3.0,X,4,0
A#,M,77,6.0,X,8.0,7.0,6.0,X,4,0
A#,M,78,6.0,X,8.0,7.0,X,1.0,4,0
A#,M,79,6.0,X,8.0,X,3.0,1.0,4,0
A#,M,80,6.0,X,X,3.0,3.0,1.0,4,0
A#,M,81,X,1.0,8.0,7.0,6.0,X,4,0
A#,M,82,X,1.0,8.0,7.0,X,1.0,4,0
A#,M,83,X,1.0,8.0,X,3.0,1.0,4,0
A#,M,84,X,1.0,X,3.0,3.0,1.0,4,0
A#,M,85,1.0,1.0,0.0,X,X,6.0,4,1
A#,M,86,6.0,5.0,3.0,X,X,6.0,4,0
A#,M,87,6.0,8.0,0.0,X,X,6.0,4,0
A#,M,88,6.0,5.0,X,X,6.0,6.0,4,0
A#,M,89,6.0,X,0.0,X,6.0,6.0,4,0
A#,M,90,X,1.0,0.0,X,6.0,6.0,4,0
A#,M,91,1.0,1.0,X,7.0,X,6.0,4,1
A#,M,92,1.0,1.0,X,X,3.0,6.0,4,1
A#,M,93,6.0,8.0,X,7.0,X,6.0,4,0
A#,M,94,6.0,8.0,X,X,3.0,6.0,4,0
A#,M,95,6.0,X,3.0,7.0,X,6.0,4,0
A#,M,96,6.0,X,3.0,X,3.0,6.0,4,0
A#,M,97,X,1.0,3.0,7.0,X,6.0,4,0
A#,M,98,X,1.0,3.0,X,3.0,6.0,4,0
A#,M,99,6.0,X,X,7.0,6.0,6.0,4,0
A#,M,100,X,1.0,X,7.0,6.0,6.0,4,0
A#,M,101,1.0,1.0,0.0,7.0,X,X,4,1
A#,M,102,1.0,1.0,0.0,X,3.0,X,4,1
A#,M,103,6.0,5.0,3.0,7.0,X,X,4,0
A#,M,104,6.0,5.0,3.0,X,3.0,X,4,0
A#,M,105,6.0,8.0,0.0,7.0,X,X,4,0
A#,M,106,6.0,8.0,0.0,X,3.0,X,4,0
A#,M,107,6.0,5.0,X,7.0,6.0,X,4,0
A#,M,108,6.0,5.0,X,7.0,X,1.0,4,0
A#,M,109,6.0,5.0,X,X,3.0,1.0,4,0
A#,M,110,6.0,X,0.0,7.0,6.0,X,4,0
A#,M,111,6.0,X,0.0,7.0,X,1.0,4,0
A#,M,112,6.0,X,0.0,X,3.0,1.0,4,0
A#,M,113,X,1.0,0.0,7.0,6.0,X,4,0
A#,M,114,X,1.0,0.0,7.0,X,1.0,4,0
A#,M,115,X,1.0,0.0,X,3.0,1.0,4,0
A#,M,116,1.0,1.0,0.0,X,6.0,X,4,1
A#,M,117,1.0,1.0,0.0,X,X,1.0,4,1
A#,M,118,6.0,5.0,3.0,X,6.0,X,4,0
A#,M,119,6.0,5.0,3.0,X,X,1.0,4,0
A#,M,120,6.0,8.0,0.0,X,6.0,X,4,0
A#,M,121,6.0,8.0,0.0,X,X,1.0,4,0
A#,M,122,1.0,1.0,3.0,7.0,X,X,4,1
A#,M,123,1.0,1.0,3.0,X,3.0,X,4,1
A#,M,124,1.0,1.0,X,7.0,6.0,X,4,1
A#,M,125,1.0,1.0,X,7.0,X,1.0,4,1
A#,M,126,1.0,1.0,X,X,3.0,1.0,4,1
A#,M,127,6.0,8.0,X,7.0,6.0,X,4,0
A#,M,128,6.0,8.0,X,7.0,X,1.0,4,0
A#,M,129,6.0,8.0,X,X,3.0,1.0,4,0
A#,M,130,6.0,X,3.0,7.0,6.0,X,4,0
A#,M,131,6.0,X,3.0,7.0,X,1.0,4,0
A#,M,132,6.0,X,3.0,X,3.0,1.0,4,0
A#,M,133,X,1.0,3.0,7.0,6.0,X,4,0
A#,M,134,X,1.0,3.0,7.0,X,1.0,4,0
A#,M,135,X,1.0,3.0,X,3.0,1.0,4,0
A#,M,136,1.0,5.0,8.0,X,X,6.0,4,1
A#,M,137,1.0,5.0,X,3.0,X,6.0,4,1
A#,M,138,1.0,X,0.0,3.0,X,6.0,4,1
A#,M,139,X,5.0,3.0,3.0,X,6.0,4,1
A#,M,140,X,8.0,0.0,3.0,X,6.0,4,1
A#,M,141,X,5.0,8.0,X,6.0,6.0,4,1
A#,M,142,X,5.0,X,3.0,6.0,6.0,4,1
A#,M,143,X,X,0.0,3.0,6.0,6.0,4,1
A#,M,144,1.0,X,8.0,7.0,X,6.0,4,1
A#,M,145,1.0,X,8.0,X,3.0,6.0,4,1
A#,M,146,1.0,X,X,3.0,3.0,6.0,4,1
A#,M,147,X,8.0,8.0,7.0,X,6.0,4,1
A#,M,148,X,8.0,8.0,X,3.0,6.0,4,1
A#,M,149,X,8.0,X,3.0,3.0,6.0,4,1
A#,M,150,X,X,3.0,3.0,3.0,6.0,4,1
A#,M,151,X,X,8.0,7.0,6.0,6.0,4,0
A#,M,152,1.0,5.0,8.0,7.0,X,X,4,1
A#,M,153,1.0,5.0,8.0,X,3.0,X,4,1
A#,M,154,1.0,5.0,X,3.0,3.0,X,4,1
A#,M,155,1.0,X,0.0,3.0,3.0,X,4,1
A#,M,156,X,5.0,3.0,3.0,3.0,X,4,1
A#,M,157,X,8.0,0.0,3.0,3.0,X,4,1
A#,M,158,X,5.0,8.0,7.0,6.0,X,4,1
A#,M,159,X,5.0,8.0,7.0,X,1.0,4,1
A#,M,160,X,5.0,8.0,X,3.0,1.0,4,1
A#,M,161,X,5.0,X,3.0,3.0,1.0,4,1
A#,M,162,X,X,0.0,3.0,3.0,1.0,4,1
A#,M,163,1.0,5.0,3.0,3.0,X,X,4,1
A#,M,164,1.0,8.0,0.0,3.0,X,X,4,1
A#,M,165,1.0,5.0,8.0,X,6.0,X,4,1
A#,M,166,1.0,5.0,8.0,X,X,1.0,4,1
A#,M,167,1.0,5.0,X,3.0,6.0,X,4,1
A#,M,168,1.0,5.0,X,3.0,X,1.0,4,1
A#,M,169,1.0,X,0.0,3.0,6.0,X,4,1
A#,M,170,1.0,X,0.0,3.0,X,1.0,4,1
A#,M,171,X,5.0,3.0,3.0,6.0,X,4,1
A#,M,172,X,5.0,3.0,3.0,X,1.0,4,1
A#,M,173,X,8.0,0.0,3.0,6.0,X,4,1
A#,M,174,X,8.0,0.0,3.0,X,1.0,4,1
A#,M,175,1.0,8.0,8.0,7.0,X,X,4,1
A#,M,176,1.0,8.0,8.0,X,3.0,X,4,1
A#,M,177,1.0,8.0,X,3.0,3.0,X,4,1
A#,M,178,1.0,X,3.0,3.0,3.0,X,4,1
A#,M,179,1.0,X,8.0,7.0,6.0,X,4,1
A#,M,180,1.0,X,8.0,7.0,X,1.0,4,1
A#,M,181,1.0,X,8.0,X,3.0,1.0,4,1
A#,M,182,1.0,X,X,3.0,3.0,1.0,4,1
A#,M,183,X,8.0,8.0,7.0,6.0,X,4,1
A#,M,184,X,8.0,8.0,7.0,X,1.0,4,1
A#,M,185,X,8.0,8.0,X,3.0,1.0,4,1
A#,M,186,X,8.0,X,3.0,3.0,1.0,4,1
A#,M,187,X,X,3.0,3.0,3.0,1.0,4,1
A#,M,188,1.0,5.0,X,7.0,X,6.0,4,1
A#,M,189,1.0,5.0,X,X,3.0,6.0,4,1
A#,M,190,1.0,X,0.0,7.0,X,6.0,4,1
A#,M,191,1.0,X,0.0,X,3.0,6.0,4,1
A#,M,192,X,5.0,3.0,7.0,X,6.0,4,1
A#,M,193,X,5.0,3.0,X,3.0,6.0,4,1
A#,M,194,X,8.0,0.0,7.0,X,6.0,4,1
A#,M,195,X,8.0,0.0,X,3.0,6.0,4,1
A#,M,196,X,5.0,X,7.0,6.0,6.0,4,1
A#,M,197,X,X,0.0,7.0,6.0,6.0,4,1
A#,M,198,1.0,5.0,3.0,X,X,6.0,4,1
A#,M,199,1.0,8.0,0.0,X,X,6.0,4,1
A#,M,200,1.0,5.0,X,X,6.0,6.0,4,1
A#,M,201,1.0,X,0.0,X,6.0,6.0,4,1
A#,M,202,X,5.0,3.0,X,6.0,6.0,4,1
A#,M,203,X,8.0,0.0,X,6.0,6.0,4,1
A#,M,204,1.0,8.0,X,7.0,X,6.0,4,1
A#,M,205,1.0,8.0,X,X,3.0,6.0,4,1
A#,M,206,1.0,X,3.0,7.0,X,6.0,4,1
A#,M,207,1.0,X,3.0,X,3.0,6.0,4,1
A#,M,208,1.0,X,X,7.0,6.0,6.0,4,1
A#,M,209,X,8.0,X,7.0,6.0,6.0,4,1
A#,M,210,X,X,3.0,7.0,6.0,6.0,4,1
A#,M,211,1.0,1.0,0.0,3.0,X,6.0,5,1
A#,M,212,6.0,5.0,3.0,3.0,X,6.0,5,0
A#,M,213,6.0,8.0,0.0,3.0,X,6.0,5,0
A#,M,214,6.0,5.0,8.0,X,6.0,6.0,5,0
A#,M,215,6.0,5.0,X,3.0,6.0,6.0,5,0
A#,M,216,6.0,X,0.0,3.0,6.0,6.0,5,0
A#,M,217,X,1.0,0.0,3.0,6.0,6.0,5,0
A#,M,218,1.0,1.0,8.0,7.0,X,6.0,5,1
A#,M,219,1.0,1.0,8.0,X,3.0,6.0,5,1
A#,M,220,1.0,1.0,X,3.0,3.0,6.0,5,1
A#,M,221,6.0,8.0,8.0,7.0,X,6.0,5,0
A#,M,222,6.0,8.0,8.0,X,3.0,6.0,5,0
A#,M,223,6.0,8.0,X,3.0,3.0,6.0,5,0
A#,M,224,6.0,X,3.0,3.0,3.0,6.0,5,0
A#,M,225,X,1.0,3.0,3.0,3.0,6.0,5,0
A#,M,226,6.0,X,8.0,7.0,6.0,6.0,5,0
A#,M,227,X,1.0,8.0,7.0,6.0,6.0,5,0
A#,M,228,1.0,1.0,0.0,3.0,3.0,X,5,1
A#,M,229,6.0,5.0,3.0,3.0,3.0,X,5,0
A#,M,230,6.0,8.0,0.0,3.0,3.0,X,5,0
A#,M,231,6.0,5.0,8.0,7.0,6.0,X,5,0
A#,M,232,6.0,5.0,8.0,7.0,X,1.0,5,0
A#,M,233,6.0,5.0,8.0,X,3.0,1.0,5,0
A#,M,234,6.0,5.0,X,3.0,3.0,1.0,5,0
A#,M,235,6.0,X,0.0,3.0,3.0,1.0,5,0
A#,M,236,X,1.0,0.0,3.0,3.0,1.0,5,0
A#,M,237,1.0,1.0,0.0,3.0,6.0,X,5,1
A#,M,238,1.0,1.0,0.0,3.0,X,1.0,5,1
A#,M,239,6.0,5.0,3.0,3.0,6.0,X,5,0
A#,M,240,6.0,5.0,3.0,3.0,X,1.0,5,0
A#,M,241,6.0,8.0,0.0,3.0,6.0,X,5,0
A#,M,242,6.0,8.0,0.0,3.0,X,1.0,5,0
A#,M,243,1.0,1.0,3.0,3.0,3.0,X,5,1
A#,M,244,1.0,1.0,8.0,7.0,6.0,X,5,1
A#,M,245,1.0,1.0,8.0,7.0,X,1.0,5,1
A#,M,246,1.0,1.0,8.0,X,3.0,1.0,5,1
A#,M,247,1.0,1.0,X,3.0,3.0,1.0,5,1
A#,M,248,6.0,8.0,8.0,7.0,6.0,X,5,0
A#,M,249,6.0,8.0,8.0,7.0,X,1.0,5,0
A#,M,250,6.0,8.0,8.0,X,3.0,1.0,5,0
A#,M,251,6.0,8.0,X,3.0,3.0,1.0,5,0
A#,M,252,6.0,X,3.0,3.0,3.0,1.0,5,0
A#,M,253,X,1.0,3.0,3.0,3.0,1.0,5,0
A#,M,254,1.0,1.0,0.0,7.0,X,6.0,5,1
A#,M,255,1.0,1.0,0.0,X,3.0,6.0,5,1
A#,M,256,6.0,5.0,3.0,7.0,X,6.0,5,0
A#,M,257,6.0,5.0,3.0,X,3.0,6.0,5,0
A#,M,258,6.0,8.0,0.0,7.0,X,6.0,5,0
A#,M,259,6.0,8.0,0.0,X,3.0,6.0,5,0
A#,M,260,6.0,5.0,X,7.0,6.0,6.0,5,0
A#,M,261,6.0,X,0.0,7.0,6.0,6.0,5,0
A#,M,262,X,1.0,0.0,7.0,6.0,6.0,5,0
A#,M,263,1.0,1.0,0.0,X,6.0,6.0,5,1
A#,M,264,6.0,5.0,3.0,X,6.0,6.0,5,0
A#,M,265,6.0,8.0,0.0,X,6.0,6.0,5,0
A#,M,266,1.0,1.0,3.0,7.0,X,6.0,5,1
A#,M,267,1.0,1.0,3.0,X,3.0,6.0,5,1
A#,M,268,1.0,1.0,X,7.0,6.0,6.0,5,1
A#,M,269,6.0,8.0,X,7.0,6.0,6.0,5,0
A#,M,270,6.0,X,3.0,7.0,6.0,6.0,5,0
A#,M,271,X,1.0,3.0,7.0,6.0,6.0,5,0
A#,M,272,1.0,1.0,0.0,7.0,6.0,X,5,1
A#,M,273,1.0,1.0,0.0,7.0,X,1.0,5,1
A#,M,274,1.0,1.0,0.0,X,3.0,1.0,5,1
A#,M,275,6.0,5.0,3.0,7.0,6.0,X,5,0
A#,M,276,6.0,5.0,3.0,7.0,X,1.0,5,0
A#,M,277,6.0,5.0,3.0,X,3.0,1.0,5,0
A#,M,278,6.0,8.0,0.0,7.0,6.0,X,5,0
A#,M,279,6.0,8.0,0.0,7.0,X,1.0,5,0
A#,M,280,6.0,8.0,0.0,X,3.0,1.0,5,0
A#,M,281,1.0,1.0,3.0,7.0,6.0,X,5,1
A#,M,282,1.0,1.0,3.0,7.0,X,1.0,5,1
A#,M,283,1.0,1.0,3.0,X,3.0,1.0,5,1
A#,M,284,1.0,5.0,8.0,7.0,X,6.0,5,1
A#,M,285,1.0,5.0,8.0,X,3.0,6.0,5,1
A#,M,286,1.0,5.0,X,3.0,3.0,6.0,5,1
A#,M,287,1.0,X,0.0,3.0,3.0,6.0,5,1
A#,M,288,X,5.0,3.0,3.0,3.0,6.0,5,1
A#,M,289,X,8.0,0.0,3.0,3.0,6.0,5,1
A#,M,290,X,5.0,8.0,7.0,6.0,6.0,5,1
A#,M,291,1.0,5.0,3.0,3.0,X,6.0,5,1
A#,M,292,1.0,8.0,0.0,3.0,X,6.0,5,1
A#,M,293,1.0,5.0,8.0,X,6.0,6.0,5,1
A#,M,294,1.0,5.0,X,3.0,6.0,6.0,5,1
A#,M,295,1.0,X,0.0,3.0,6.0,6.0,5,1
A#,M,296,X,5.0,3.0,3.0,6.0,6.0,5,1
A#,M,297,X,8.0,0.0,3.0,6.0,6.0,5,1
A#,M,298,1.0,8.0,8.0,7.0,X,6.0,5,1
A#,M,299,1.0,8.0,8.0,X,3.0,6.0,5,1
A#,M,300,1.0,8.0,X,3.0,3.0,6.0,5,1
A#,M,301,1.0,X,3.0,3.0,3.0,6.0,5,1
A#,M,302,1.0,X,8.0,7.0,6.0,6.0,5,1
A#,M,303,X,8.0,8.0,7.0,6.0,6.0,5,1
A#,M,304,1.0,5.0,3.0,3.0,3.0,X,5,1
A#,M,305,1.0,8.0,0.0,3.0,3.0,X,5,1
A#,M,306,1.0,5.0,8.0,7.0,6.0,X,5,1
A#,M,307,1.0,5.0,8.0,7.0,X,1.0,5,1
A#,M,308,1.0,5.0,8.0,X,3.0,1.0,5,1
A#,M,309,1.0,5.0,X,3.0,3.0,1.0,5,1
A#,M,310,1.0,X,0.0,3.0,3.0,1.0,5,1
A#,M,311,X,5.0,3.0,3.0,3.0,1.0,5,1
A#,M,312,X,8.0,0.0,3.0,3.0,1.0,5,1
A#,M,313,1.0,5.0,3.0,3.0,6.0,X,5,1
A#,M,314,1.0,5.0,3.0,3.0,X,1.0,5,1
A#,M,315,1.0,8.0,0.0,3.0,6.0,X,5,1
A#,M,316,1.0,8.0,0.0,3.0,X,1.0,5,1
A#,M,317,1.0,8.0,8.0,7.0,6.0,X,5,1
A#,M,318,1.0,8.0,8.0,7.0,X,1.0,5,1
A#,M,319,1.0,8.0,8.0,X,3.0,1.0,5,1
A#,M,320,1.0,8.0,X,3.0,3.0,1.0,5,1
A#,M,321,1.0,X,3.0,3.0,3.0,1.0,5,1
A#,M,322,1.0,5.0,3.0,7.0,X,6.0,5,1
A#,M,323,1.0,5.0,3.0,X,3.0,6.0,5,1
A#,M,324,1.0,8.0,0.0,7.0,X,6.0,5,1
A#,M,325,1.0,8.0,0.0,X,3.0,6.0,5,1
A#,M,326,1.0,5.0,X,7.0,6.0,6.0,5,1
A#,M,327,1.0,X,0.0,7.0,6.0,6.0,5,1
A#,M,328,X,5.0,3.0,7.0,6.0,6.0,5,1
A#,M,329,X,8.0,0.0,7.0,6.0,6.0,5,1
A#,M,330,1.0,5.0,3.0,X,6.0,6.0,5,1
A#,M,331,1.0,8.0,0.0,X,6.0,6.0,5,1
A#,M,332,1.0,8.0,X,7.0,6.0,6.0,5,1
A#,M,333,1.0,X,3.0,7.0,6.0,6.0,5,1
A#,M,334,1.0,1.0,0.0,3.0,3.0,6.0,6,1
A#,M,335,6.0,5.0,3.0,3.0,3.0,6.0,6,0
A#,M,336,6.0,8.0,0.0,3.0,3.0,6.0,6,0
A#,M,337,6.0,5.0,8.0,7.0,6.0,6.0,6,0
A#,M,338,1.0,1.0,0.0,3.0,6.0,6.0,6,1
A#,M,339,6.0,5.0,3.0,3.0,6.0,6.0,6,0
A#,M,340,6.0,8.0,0.0,3.0,6.0,6.0,6,0
A#,M,341,1.0,1.0,3.0,3.0,3.0,6.0,6,1
A#,M,342,1.0,1.0,8.0,7.0,6.0,6.0,6,1
A#,M,343,6.0,8.0,8.0,7.0,6.0,6.0,6,0
A#,M,344,1.0,1.0,0.0,3.0,3.0,1.0,6,1
A#,M,345,6.0,5.0,3.0,3.0,3.0,1.0,6,0
A#,M,346,6.0,8.0,0.0,3.0,3.0,1.0,6,0
A#,M,347,1.0,1.0,3.0,3.0,3.0,1.0,6,1
A#,M,348,1.0,1.0,0.0,7.0,6.0,6.0,6,1
A#,M,349,6.0,5.0,3.0,7.0,6.0,6.0,6,0
A#,M,350,6.0,8.0,0.0,7.0,6.0,6.0,6,0
A#,M,351,1.0,1.0,3.0,7.0,6.0,6.0,6,1
A#,M,352,1.0,5.0,3.0,3.0,3.0,6.0,6,1
A#,M,353,1.0,8.0,0.0,3.0,3.0,6.0,6,1
A#,M,354,1.0,5.0,8.0,7.0,6.0,6.0,6,1
A#,M,355,1.0,5.0,3.0,3.0,6.0,6.0,6,1
A#,M,356,1.0,8.0,0.0,3.0,6.0,6.0,6,1
A#,M,357,1.0,8.0,8.0,7.0,6.0,6.0,6,1
A#,M,358,1.0,5.0,3.0,3.0,3.0,1.0,6,1
A#,M,359,1.0,8.0,0.0,3.0,3.0,1.0,6,1
A#,M,360,1.0,5.0,3.0,7.0,6.0,6.0,6,1
A#,M,361,1.0,8.0,0.0,7.0,6.0,6.0,6,1
A#,m,0,6.0,4.0,3.0,X,X,X,3,0
A#,m,1,9.0,1.0,3.0,X,X,X,3,0
A#,m,2,6.0,4.0,X,X,6.0,X,3,0
A#,m,3,6.0,4.0,X,X,X,1.0,3,0
A#,m,4,9.0,1.0,X,X,6.0,X,3,0
A#,m,5,9.0,1.0,X,X,X,1.0,3,0
A#,m,6,1.0,1.0,X,6.0,X,X,3,1
A#,m,7,1.0,1.0,X,X,2.0,X,3,1
A#,m,8,6.0,8.0,X,6.0,X,X,3,0
A#,m,9,6.0,8.0,X,X,2.0,X,3,0
A#,m,10,6.0,X,3.0,6.0,X,X,3,0
A#,m,11,6.0,X,3.0,X,2.0,X,3,0
A#,m,12,X,1.0,3.0,6.0,X,X,3,0
A#,m,13,X,1.0,3.0,X,2.0,X,3,0
A#,m,14,6.0,X,X,6.0,6.0,X,3,0
A#,m,15,6.0,X,X,6.0,X,1.0,3,0
A#,m,16,6.0,X,X,X,2.0,1.0,3,0
A#,m,17,X,1.0,X,6.0,6.0,X,3,0
A#,m,18,X,1.0,X,6.0,X,1.0,3,0
A#,m,19,X,1.0,X,X,2.0,1.0,3,0
A#,m,20,1.0,1.0,X,X,X,9.0,3,1
A#,m,21,6.0,8.0,X,X,X,9.0,3,0
A#,m,22,6.0,X,3.0,X,X,9.0,3,0
A#,m,23,X,1.0,3.0,X,X,9.0,3,0
A#,m,24,6.0,X,X,X,6.0,9.0,3,0
A#,m,25,X,1.0,X,X,6.0,9.0,3,0
A#,m,26,1.0,4.0,8.0,X,X,X,3,1
A#,m,27,1.0,4.0,X,3.0,X,X,3,1
A#,m,28,9.0,8.0,8.0,X,X,X,3,1
A#,m,29,9.0,8.0,X,3.0,X,X,3,1
A#,m,30,9.0,X,3.0,3.0,X,X,3,1
A#,m,31,X,4.0,3.0,3.0,X,X,3,1
A#,m,32,9.0,X,8.0,X,6.0,X,3,1
A#,m,33,9.0,X,8.0,X,X,1.0,3,1
A#,m,34,9.0,X,X,3.0,6.0,X,3,1
A#,m,35,9.0,X,X,3.0,X,1.0,3,1
A#,m,36,X,4.0,8.0,X,6.0,X,3,1
A#,m,37,X,4.0,8.0,X,X,1.0,3,1
A#,m,38,X,4.0,X,3.0,6.0,X,3,1
A#,m,39,X,4.0,X,3.0,X,1.0,3,1
A#,m,40,1.0,X,8.0,6.0,X,X,3,1
A#,m,41,1.0,X,8.0,X,2.0,X,3,1
A#,m,42,1.0,X,X,3.0,2.0,X,3,1
A#,m,43,X,8.0,8.0,6.0,X,X,3,1
A#,m,44,X,8.0,8.0,X,2.0,X,3,1
A#,m,45,X,8.0,X,3.0,2.0,X,3,1
A#,m,46,X,X,3.0,3.0,2.0,X,3,1
A#,m,47,X,X,8.0,6.0,6.0,X,3,0
A#,m,48,X,X,8.0,6.0,X,1.0,3,0
A#,m,49,X,X,8.0,X,2.0,1.0,3,0
A#,m,50,X,X,X,3.0,2.0,1.0,3,0
A#,m,51,1.0,X,8.0,X,X,9.0,3,1
A#,m,52,1.0,X,X,3.0,X,9.0,3,1
A#,m,53,X,8.0,8.0,X,X,9.0,3,1
A#,m,54,X,8.0,X,3.0,X,9.0,3,1
A#,m,55,X,X,3.0,3.0,X,9.0,3,1
A#,m,56,X,X,8.0,X,6.0,9.0,3,0
A#,m,57,X,X,X,3.0,6.0,9.0,3,0
A#,m,58,1.0,4.0,X,X,X,6.0,3,1
A#,m,59,9.0,8.0,X,X,X,6.0,3,1
A#,m,60,9.0,X,3.0,X,X,6.0,3,1
A#,m,61,X,4.0,3.0,X,X,6.0,3,1
A#,m,62,9.0,X,X,X,6.0,6.0,3,1
A#,m,63,X,4.0,X,X,6.0,6.0,3,1
A#,m,64,1.0,X,X,6.0,X,6.0,3,1
A#,m,65,1.0,X,X,X,2.0,6.0,3,1
A#,m,66,X,8.0,X,6.0,X,6.0,3,1
A#,m,67,X,8.0,X,X,2.0,6.0,3,1
A#,m,68,X,X,3.0,6.0,X,6.0,3,1
A#,m,69,X,X,3.0,X,2.0,6.0,3,1
A#,m,70,X,X,X,6.0,6.0,6.0,3,1
A#,m,71,6.0,4.0,3.0,3.0,X,X,4,0
A#,m,72,9.0,1.0,3.0,3.0,X,X,4,0
A#,m,73,6.0,4.0,8.0,X,6.0,X,4,0
A#,m,74,6.0,4.0,8.0,X,X,1.0,4,0
A#,m,75,6.0,4.0,X,3.0,6.0,X,4,0
A#,m,76,6.0,4.0,X,3.0,X,1.0,4,0
A#,m,77,9.0,1.0,8.0,X,6.0,X,4,0
A#,m,78,9.0,1.0,8.0,X,X,1.0,4,0
A#,m,79,9.0,1.0,X,3.0,6.0,X,4,0
A#,m,80,9.0,1.0,X,3.0,X,1.0,4,0
A#,m,81,1.0,1.0,8.0,6.0,X,X,4,1
A#,m,82,1.0,1.0,8.0,X,2.0,X,4,1
A#,m,83,1.0,1.0,X,3.0,2.0,X,4,1
A#,m,84,6.0,8.0,8.0,6.0,X,X,4,0
A#,m,85,6.0,8.0,8.0,X,2.0,X,4,0
A#,m,86,6.0,8.0,X,3.0,2.0,X,4,0
A#,m,87,6.0,X,3.0,3.0,2.0,X,4,0
A#,m,88,X,1.0,3.0,3.0,2.0,X,4,0
A#,m,89,6.0,X,8.0,6.0,6.0,X,4,0
A#,m,90,6.0,X,8.0,6.0,X,1.0,4,0
A#,m,91,6.0,X,8.0,X,2.0,1.0,4,0
A#,m,92,6.0,X,X,3.0,2.0,1.0,4,0
A#,m,93,X,1.0,8.0,6.0,6.0,X,4,0
A#,m,94,X,1.0,8.0,6.0,X,1.0,4,0
A#,m,95,X,1.0,8.0,X,2.0,1.0,4,0
A#,m,96,X,1.0,X,3.0,2.0,1.0,4,0
A#,m,97,1.0,1.0,8.0,X,X,9.0,4,1
A#,m,98,1.0,1.0,X,3.0,X,9.0,4,1
A#,m,99,6.0,8.0,8.0,X,X,9.0,4,0
A#,m,100,6.0,8.0,X,3.0,X,9.0,4,0
A#,m,101,6.0,X,3.0,3.0,X,9.0,4,0
A#,m,102,X,1.0,3.0,3.0,X,9.0,4,0
A#,m,103,6.0,X,8.0,X,6.0,9.0,4,0
A#,m,104,6.0,X,X,3.0,6.0,9.0,4,0
A#,m,105,X,1.0,8.0,X,6.0,9.0,4,0
A#,m,106,X,1.0,X,3.0,6.0,9.0,4,0
A#,m,107,6.0,4.0,3.0,X,X,6.0,4,0
A#,m,108,9.0,1.0,3.0,X,X,6.0,4,0
A#,m,109,6.0,4.0,X,X,6.0,6.0,4,0
A#,m,110,9.0,1.0,X,X,6.0,6.0,4,0
A#,m,111,1.0,1.0,X,6.0,X,6.0,4,1
A#,m,112,1.0,1.0,X,X,2.0,6.0,4,1
A#,m,113,6.0,8.0,X,6.0,X,6.0,4,0
A#,m,114,6.0,8.0,X,X,2.0,6.0,4,0
A#,m,115,6.0,X,3.0,6.0,X,6.0,4,0
A#,m,116,6.0,X,3.0,X,2.0,6.0,4,0
A#,m,117,X,1.0,3.0,6.0,X,6.0,4,0
A#,m,118,X,1.0,3.0,X,2.0,6.0,4,0
A#,m,119,6.0,X,X,6.0,6.0,6.0,4,0
A#,m,120,X,1.0,X,6.0,6.0,6.0,4,0
A#,m,121,6.0,4.0,3.0,6.0,X,X,4,0
A#,m,122,6.0,4.0,3.0,X,2.0,X,4,0
A#,m,123,9.0,1.0,3.0,6.0,X,X,4,0
A#,m,124,9.0,1.0,3.0,X,2.0,X,4,0
A#,m,125,6.0,4.0,X,6.0,6.0,X,4,0
A#,m,126,6.0,4.0,X,6.0,X,1.0,4,0
A#,m,127,6.0,4.0,X,X,2.0,1.0,4,0
A#,m,128,9.0,1.0,X,6.0,6.0,X,4,0
A#,m,129,9.0,1.0,X,6.0,X,1.0,4,0
A#,m,130,9.0,1.0,X,X,2.0,1.0,4,0
A#,m,131,6.0,4.0,3.0,X,X,9.0,4,0
A#,m,132,9.0,1.0,3.0,X,X,9.0,4,0
A#,m,133,6.0,4.0,X,X,6.0,9.0,4,0
A#,m,134,9.0,1.0,X,X,6.0,9.0,4,0
A#,m,135,6.0,4.0,3.0,X,6.0,X,4,0
A#,m,136,6.0,4.0,3.0,X,X,1.0,4,0
A#,m,137,9.0,1.0,3.0,X,6.0,X,4,0
A#,m,138,9.0,1.0,3.0,X,X,1.0,4,0
A#,m,139,1.0,1.0,X,6.0,X,9.0,4,1
A#,m,140,1.0,1.0,X,X,2.0,9.0,4,1
A#,m,141,6.0,8.0,X,6.0,X,9.0,4,0
A#,m,142,6.0,8.0,X,X,2.0,9.0,4,0
A#,m,143,6.0,X,3.0,6.0,X,9.0,4,0
A#,m,144,6.0,X,3.0,X,2.0,9.0,4,0
A#,m,145,X,1.0,3.0,6.0,X,9.0,4,0
A#,m,146,X,1.0,3.0,X,2.0,9.0,4,0
A#,m,147,6.0,X,X,6.0,6.0,9.0,4,0
A#,m,148,X,1.0,X,6.0,6.0,9.0,4,0
A#,m,149,1.0,1.0,3.0,6.0,X,X,4,1
A#,m,150,1.0,1.0,3.0,X,2.0,X,4,1
A#,m,151,1.0,1.0,X,6.0,6.0,X,4,1
A#,m,152,1.0,1.0,X,6.0,X,1.0,4,1
A#,m,153,1.0,1.0,X,X,2.0,1.0,4,1
A#,m,154,6.0,8.0,X,6.0,6.0,X,4,0
A#,m,155,6.0,8.0,X,6.0,X,1.0,4,0
A#,m,156,6.0,8.0,X,X,2.0,1.0,4,0
A#,m,157,6.0,X,3.0,6.0,6.0,X,4,0
A#,m,158,6.0,X,3.0,6.0,X,1.0,4,0
A#,m,159,6.0,X,3.0,X,2.0,1.0,4,0
A#,m,160,X,1.0,3.0,6.0,6.0,X,4,0
A#,m,161,X,1.0,3.0,6.0,X,1.0,4,0
A#,m,162,X,1.0,3.0,X,2.0,1.0,4,0
A#,m,163,1.0,1.0,3.0,X,X,9.0,4,1
A#,m,164,1.0,1.0,X,X,6.0,9.0,4,1
A#,m,165,6.0,8.0,X,X,6.0,9.0,4,0
A#,m,166,6.0,X,3.0,X,6.0,9.0,4,0
A#,m,167,X,1.0,3.0,X,6.0,9.0,4,0
A#,m,168,1.0,4.0,8.0,X,X,6.0,4,1
A#,m,169,1.0,4.0,X,3.0,X,6.0,4,1
A#,m,170,9.0,8.0,8.0,X,X,6.0,4,1
A#,m,171,9.0,8.0,X,3.0,X,6.0,4,1
A#,m,172,9.0,X,3.0,3.0,X,6.0,4,1
A#,m,173,X,4.0,3.0,3.0,X,6.0,4,1
A#,m,174,9.0,X,8.0,X,6.0,6.0,4,1
A#,m,175,9.0,X,X,3.0,6.0,6.0,4,1
A#,m,176,X,4.0,8.0,X,6.0,6.0,4,1
A#,m,177,X,4.0,X,3.0,6.0,6.0,4,1
A#,m,178,1.0,X,8.0,6.0,X,6.0,4,1
A#,m,179,1.0,X,8.0,X,2.0,6.0,4,1
A#,m,180,1.0,X,X,3.0,2.0,6.0,4,1
A#,m,181,X,8.0,8.0,6.0,X,6.0,4,1
A#,m,182,X,8.0,8.0,X,2.0,6.0,4,1
A#,m,183,X,8.0,X,3.0,2.0,6.0,4,1
A#,m,184,X,X,3.0,3.0,2.0,6.0,4,1
A#,m,185,X,X,8.0,6.0,6.0,6.0,4,0
A#,m,186,1.0,4.0,8.0,6.0,X,X,4,1
A#,m,187,1.0,4.0,8.0,X,2.0,X,4,1
A#,m,188,1.0,4.0,X,3.0,2.0,X,4,1
A#,m,189,9.0,8.0,8.0,6.0,X,X,4,1
A#,m,190,9.0,8.0,8.0,X,2.0,X,4,1
A#,m,191,9.0,8.0,X,3.0,2.0,X,4,1
A#,m,192,9.0,X,3.0,3.0,2.0,X,4,1
A#,m,193,X,4.0,3.0,3.0,2.0,X,4,1
A#,m,194,9.0,X,8.0,6.0,6.0,X,4,1
A#,m,195,9.0,X,8.0,6.0,X,1.0,4,1
A#,m,196,9.0,X,8.0,X,2.0,1.0,4,1
A#,m,197,9.0,X,X,3.0,2.0,1.0,4,1
A#,m,198,X,4.0,8.0,6.0,6.0,X,4,1
A#,m,199,X,4.0,8.0,6.0,X,1.0,4,1
A#,m,200,X,4.0,8.0,X,2.0,1.0,4,1
A#,m,201,X,4.0,X,3.0,2.0,1.0,4,1
A#,m,202,1.0,4.0,8.0,X,X,9.0,4,1
A#,m,203,1.0,4.0,X,3.0,X,9.0,4,1
A#,m,204,9.0,8.0,8.0,X,X,9.0,4,1
A#,m,205,9.0,8.0,X,3.0,X,9.0,4,1
A#,m,206,9.0,X,3.0,3.0,X,9.0,4,1
A#,m,207,X,4.0,3.0,3.0,X,9.0,4,1
A#,m,208,9.0,X,8.0,X,6.0,9.0,4,1
A#,m,209,9.0,X,X,3.0,6.0,9.0,4,1
A#,m,210,X,4.0,8.0,X,6.0,9.0,4,1
A#,m,211,X,4.0,X,3.0,6.0,9.0,4,1
A#,m,212,1.0,4.0,3.0,3.0,X,X,4,1
A#,m,213,1.0,4.0,8.0,X,6.0,X,4,1
A#,m,214,1.0,4.0,8.0,X,X,1.0,4,1
A#,m,215,1.0,4.0,X,3.0,6.0,X,4,1
A#,m,216,1.0,4.0,X,3.0,X,1.0,4,1
A#,m,217,9.0,8.0,8.0,X,6.0,X,4,1
A#,m,218,9.0,8.0,8.0,X,X,1.0,4,1
A#,m,219,9.0,8.0,X,3.0,6.0,X,4,1
A#,m,220,9.0,8.0,X,3.0,X,1.0,4,1
A#,m,221,9.0,X,3.0,3.0,6.0,X,4,1
A#,m,222,9.0,X,3.0,3.0,X,1.0,4,1
A#,m,223,X,4.0,3.0,3.0,6.0,X,4,1
A#,m,224,X,4.0,3.0,3.0,X,1.0,4,1
A#,m,225,1.0,X,8.0,6.0,X,9.0,4,1
A#,m,226,1.0,X,8.0,X,2.0,9.0,4,1
A#,m,227,1.0,X,X,3.0,2.0,9.0,4,1
A#,m,228,X,8.0,8.0,6.0,X,9.0,4,1
A#,m,229,X,8.0,8.0,X,2.0,9.0,4,1
A#,m,230,X,8.0,X,3.0,2.0,9.0,4,1
A#,m,231,X,X,3.0,3.0,2.0,9.0,4,1
A#,m,232,X,X,8.0,6.0,6.0,9.0,4,0
A#,m,233,1.0,8.0,8.0,6.0,X,X,4,1
A#,m,234,1.0,8.0,8.0,X,2.0,X,4,1
A#,m,235,1.0,8.0,X,3.0,2.0,X,4,1
A#,m,236,1.0,X,3.0,3.0,2.0,X,4,1
A#,m,237,1.0,X,8.0,6.0,6.0,X,4,1
A#,m,238,1.0,X,8.0,6.0,X,1.0,4,1
A#,m,239,1.0,X,8.0,X,2.0,1.0,4,1
A#,m,240,1.0,X,X,3.0,2.0,1.0,4,1
A#,m,241,X,8.0,8.0,6.0,6.0,X,4,1
A#,m,242,X,8.0,8.0,6.0,X,1.0,4,1
A#,m,243,X,8.0,8.0,X,2.0,1.0,4,1
A#,m,244,X,8.0,X,3.0,2.0,1.0,4,1
A#,m,245,X,X,3.0,3.0,2.0,1.0,4,1
A#,m,246,1.0,8.0,8.0,X,X,9.0,4,1
A#,m,247,1.0,8.0,X,3.0,X,9.0,4,1
A#,m,248,1.0,X,3.0,3.0,X,9.0,4,1
A#,m,249,1.0,X,8.0,X,6.0,9.0,4,1
A#,m,250,1.0,X,X,3.0,6.0,9.0,4,1
A#,m,251,X,8.0,8.0,X,6.0,9.0,4,1
A#,m,252,X,8.0,X,3.0,6.0,9.0,4,1
A#,m,253,X,X,3.0,3.0,6.0,9.0,4,1
A#,m,254,1.0,4.0,X,6.0,X,6.0,4,1
A#,m,255,1.0,4.0,X,X,2.0,6.0,4,1
A#,m,256,9.0,8.0,X,6.0,X,6.0,4,1
A#,m,257,9.0,8.0,X,X,2.0,6.0,4,1
A#,m,258,9.0,X,3.0,6.0,X,6.0,4,1
A#,m,259,9.0,X,3.0,X,2.0,6.0,4,1
A#,m,260,X,4.0,3.0,6.0,X,6.0,4,1
A#,m,261,X,4.0,3.0,X,2.0,6.0,4,1
A#,m,262,9.0,X,X,6.0,6.0,6.0,4,1
A#,m,263,X,4.0,X,6.0,6.0,6.0,4,1
A#,m,264,1.0,4.0,3.0,X,X,6.0,4,1
A#,m,265,1.0,4.0,X,X,6.0,6.0,4,1
A#,m,266,9.0,8.0,X,X,6.0,6.0,4,1
A#,m,267,9.0,X,3.0,X,6.0,6.0,4,1
A#,m,268,X,4.0,3.0,X,6.0,6.0,4,1
A#,m,269,1.0,8.0,X,6.0,X,6.0,4,1
A#,m,270,1.0,8.0,X,X,2.0,6.0,4,1
A#,m,271,1.0,X,3.0,6.0,X,6.0,4,1
A#,m,272,1.0,X,3.0,X,2.0,6.0,4,1
A#,m,273,1.0,X,X,6.0,6.0,6.0,4,1
A#,m,274,X,8.0,X,6.0,6.0,6.0,4,1
A#,m,275,X,X,3.0,6.0,6.0,6.0,4,1
A#,m,276,6.0,4.0,3.0,3.0,X,6.0,5,0
A#,m,277,9.0,1.0,3.0,3.0,X,6.0,5,0
A#,m,278,6.0,4.0,8.0,X,6.0,6.0,5,0
A#,m,279,6.0,4.0,X,3.0,6.0,6.0,5,0
A#,m,280,9.0,1.0,8.0,X,6.0,6.0,5,0
A#,m,281,9.0,1.0,X,3.0,6.0,6.0,5,0
A#,m,282,1.0,1.0,8.0,6.0,X,6.0,5,1
A#,m,283,1.0,1.0,8.0,X,2.0,6.0,5,1
A#,m,284,1.0,1.0,X,3.0,2.0,6.0,5,1
A#,m,285,6.0,8.0,8.0,6.0,X,6.0,5,0
A#,m,286,6.0,8.0,8.0,X,2.0,6.0,5,0
A#,m,287,6.0,8.0,X,3.0,2.0,6.0,5,0
A#,m,288,6.0,X,3.0,3.0,2.0,6.0,5,0
A#,m,289,X,1.0,3.0,3.0,2.0,6.0,5,0
A#,m,290,6.0,X,8.0,6.0,6.0,6.0,5,0
A#,m,291,X,1.0,8.0,6.0,6.0,6.0,5,0
A#,m,292,6.0,4.0,3.0,3.0,2.0,X,5,0
A#,m,293,9.0,1.0,3.0,3.0,2.0,X,5,0
A#,m,294,6.0,4.0,8.0,6.0,6.0,X,5,0
A#,m,295,6.0,4.0,8.0,6.0,X,1.0,5,0
A#,m,296,6.0,4.0,8.0,X,2.0,1.0,5,0
A#,m,297,6.0,4.0,X,3.0,2.0,1.0,5,0
A#,m,298,9.0,1.0,8.0,6.0,6.0,X,5,0
A#,m,299,9.0,1.0,8.0,6.0,X,1.0,5,0
A#,m,300,9.0,1.0,8.0,X,2.0,1.0,5,0
A#,m,301,9.0,1.0,X,3.0,2.0,1.0,5,0
A#,m,302,6.0,4.0,3.0,3.0,X,9.0,5,0
A#,m,303,9.0,1.0,3.0,3.0,X,9.0,5,0
A#,m,304,6.0,4.0,8.0,X,6.0,9.0,5,0
A#,m,305,6.0,4.0,X,3.0,6.0,9.0,5,0
A#,m,306,9.0,1.0,8.0,X,6.0,9.0,5,0
A#,m,307,9.0,1.0,X,3.0,6.0,9.0,5,0
A#,m,308,6.0,4.0,3.0,3.0,6.0,X,5,0
A#,m,309,6.0,4.0,3.0,3.0,X,1.0,5,0
A#,m,310,9.0,1.0,3.0,3.0,6.0,X,5,0
A#,m,311,9.0,1.0,3.0,3.0,X,1.0,5,0
A#,m,312,1.0,1.0,8.0,6.0,X,9.0,5,1
A#,m,313,1.0,1.0,8.0,X,2.0,9.0,5,1
A#,m,314,1.0,1.0,X,3.0,2.0,9.0,5,1
A#,m,315,6.0,8.0,8.0,6.0,X,9.0,5,0
A#,m,316,6.0,8.0,8.0,X,2.0,9.0,5,0
A#,m,317,6.0,8.0,X,3.0,2.0,9.0,5,0
A#,m,318,6.0,X,3.0,3.0,2.0,9.0,5,0
A#,m,319,X,1.0,3.0,3.0,2.0,9.0,5,0
A#,m,320,6.0,X,8.0,6.0,6.0,9.0,5,0
A#,m,321,X,1.0,8.0,6.0,6.0,9.0,5,0
A#,m,322,1.0,1.0,3.0,3.0,2.0,X,5,1
A#,m,323,1.0,1.0,8.0,6.0,6.0,X,5,1
A#,m,324,1.0,1.0,8.0,6.0,X,1.0,5,1
A#,m,325,1.0,1.0,8.0,X,2.0,1.0,5,1
A#,m,326,1.0,1.0,X,3.0,2.0,1.0,5,1
A#,m,327,6.0,8.0,8.0,6.0,6.0,X,5,0
A#,m,328,6.0,8.0,8.0,6.0,X,1.0,5,0
A#,m,329,6.0,8.0,8.0,X,2.0,1.0,5,0
A#,m,330,6.0,8.0,X,3.0,2.0,1.0,5,0
A#,m,331,6.0,X,3.0,3.0,2.0,1.0,5,0
A#,m,332,X,1.0,3.0,3.0,2.0,1.0,5,0
A#,m,333,1.0,1.0,3.0,3.0,X,9.0,5,1
A#,m,334,1.0,1.0,8.0,X,6.0,9.0,5,1
A#,m,335,1.0,1.0,X,3.0,6.0,9.0,5,1
A#,m,336,6.0,8.0,8.0,X,6.0,9.0,5,0
A#,m,337,6.0,8.0,X,3.0,6.0,9.0,5,0
A#,m,338,6.0,X,3.0,3.0,6.0,9.0,5,0
A#,m,339,X,1.0,3.0,3.0,6.0,9.0,5,0
A#,m,340,6.0,4.0,3.0,6.0,X,6.0,5,0
A#,m,341,6.0,4.0,3.0,X,2.0,6.0,5,0
A#,m,342,9.0,1.0,3.0,6.0,X,6.0,5,0
A#,m,343,9.0,1.0,3.0,X,2.0,6.0,5,0
A#,m,344,6.0,4.0,X,6.0,6.0,6.0,5,0
A#,m,345,9.0,1.0,X,6.0,6.0,6.0,5,0
A#,m,346,6.0,4.0,3.0,X,6.0,6.0,5,0
A#,m,347,9.0,1.0,3.0,X,6.0,6.0,5,0
A#,m,348,1.0,1.0,3.0,6.0,X,6.0,5,1
A#,m,349,1.0,1.0,3.0,X,2.0,6.0,5,1
A#,m,350,1.0,1.0,X,6.0,6.0,6.0,5,1
A#,m,351,6.0,8.0,X,6.0,6.0,6.0,5,0
A#,m,352,6.0,X,3.0,6.0,6.0,6.0,5,0
A#,m,353,X,1.0,3.0,6.0,6.0,6.0,5,0
A#,m,354,6.0,4.0,3.0,6.0,X,9.0,5,0
A#,m,355,6.0,4.0,3.0,X,2.0,9.0,5,0
A#,m,356,9.0,1.0,3.0,6.0,X,9.0,5,0
A#,m,357,9.0,1.0,3.0,X,2.0,9.0,5,0
A#,m,358,6.0,4.0,X,6.0,6.0,9.0,5,0
A#,m,359,9.0,1.0,X,6.0,6.0,9.0,5,0
A#,m,360,6.0,4.0,3.0,6.0,6.0,X,5,0
A#,m,361,6.0,4.0,3.0,6.0,X,1.0,5,0
A#,m,362,6.0,4.0,3.0,X,2.0,1.0,5,0
A#,m,363,9.0,1.0,3.0,6.0,6.0,X,5,0
A#,m,364,9.0,1.0,3.0,6.0,X,1.0,5,0
A#,m,365,9.0,1.0,3.0,X,2.0,1.0,5,0
A#,m,366,6.0,4.0,3.0,X,6.0,9.0,5,0
A#,m,367,9.0,1.0,3.0,X,6.0,9.0,5,0
A#,m,368,1.0,1.0,3.0,6.0,X,9.0,5,1
A#,m,369,1.0,1.0,3.0,X,2.0,9.0,5,1
A#,m,370,1.0,1.0,X,6.0,6.0,9.0,5,1
A#,m,371,6.0,8.0,X,6.0,6.0,9.0,5,0
A#,m,372,6.0,X,3.0,6.0,6.0,9.0,5,0
A#,m,373,X,1.0,3.0,6.0,6.0,9.0,5,0
A#,m,374,1.0,1.0,3.0,6.0,6.0,X,5,1
A#,m,375,1.0,1.0,3.0,6.0,X,1.0,5,1
A#,m,376,1.0,1.0,3.0,X,2.0,1.0,5,1
A#,m,377,1.0,1.0,3.0,X,6.0,9.0,5,1
A#,m,378,1.0,4.0,8.0,6.0,X,6.0,5,1
A#,m,379,1.0,4.0,8.0,X,2.0,6.0,5,1
A#,m,380,1.0,4.0,X,3.0,2.0,6.0,5,1
A#,m,381,9.0,8.0,8.0,6.0,X,6.0,5,1
A#,m,382,9.0,8.0,8.0,X,2.0,6.0,5,1
A#,m,383,9.0,8.0,X,3.0,2.0,6.0,5,1
A#,m,384,9.0,X,3.0,3.0,2.0,6.0,5,1
A#,m,385,X,4.0,3.0,3.0,2.0,6.0,5,1
A#,m,386,9.0,X,8.0,6.0,6.0,6.0,5,1
A#,m,387,X,4.0,8.0,6.0,6.0,6.0,5,1
A#,m,388,1.0,4.0,3.0,3.0,X,6.0,5,1
A#,m,389,1.0,4.0,8.0,X,6.0,6.0,5,1
A#,m,390,1.0,4.0,X,3.0,6.0,6.0,5,1
A#,m,391,9.0,8.0,8.0,X,6.0,6.0,5,1
A#,m,392,9.0,8.0,X,3.0,6.0,6.0,5,1
A#,m,393,9.0,X,3.0,3.0,6.0,6.0,5,1
A#,m,394,X,4.0,3.0,3.0,6.0,6.0,5,1
A#,m,395,1.0,8.0,8.0,6.0,X,6.0,5,1
A#,m,396,1.0,8.0,8.0,X,2.0,6.0,5,1
A#,m,397,1.0,8.0,X,3.0,2.0,6.0,5,1
A#,m,398,1.0,X,3.0,3.0,2.0,6.0,5,1
A#,m,399,1.0,X,8.0,6.0,6.0,6.0,5,1
A#,m,400,X,8.0,8.0,6.0,6.0,6.0,5,1
A#,m,401,1.0,4.0,8.0,6.0,X,9.0,5,1
A#,m,402,1.0,4.0,8.0,X,2.0,9.0,5,1
A#,m,403,1.0,4.0,X,3.0,2.0,9.0,5,1
A#,m,404,9.0,8.0,8.0,6.0,X,9.0,5,1
A#,m,405,9.0,8.0,8.0,X,2.0,9.0,5,1
A#,m,406,9.0,8.0,X,3.0,2.0,9.0,5,1
A#,m,407,9.0,X,3.0,3.0,2.0,9.0,5,1
A#,m,408,X,4.0,3.0,3.0,2.0,9.0,5,1
A#,m,409,9.0,X,8.0,6.0,6.0,9.0,5,1
A#,m,410,X,4.0,8.0,6.0,6.0,9.0,5,1
A#,m,411,1.0,4.0,3.0,3.0,2.0,X,5,1
A#,m,412,1.0,4.0,8.0,6.0,6.0,X,5,1
A#,m,413,1.0,4.0,8.0,6.0,X,1.0,5,1
A#,m,414,1.0,4.0,8.0,X,2.0,1.0,5,1
A#,m,415,1.0,4.0,X,3.0,2.0,1.0,5,1
A#,m,416,9.0,8.0,8.0,6.0,6.0,X,5,1
A#,m,417,9.0,8.0,8.0,6.0,X,1.0,5,1
A#,m,418,9.0,8.0,8.0,X,2.0,1.0,5,1
A#,m,419,9.0,8.0,X,3.0,2.0,1.0,5,1
A#,m,420,9.0,X,3.0,3.0,2.0,1.0,5,1
A#,m,421,X,4.0,3.0,3.0,2.0,1.0,5,1
A#,m,422,1.0,4.0,3.0,3.0,X,9.0,5,1
A#,m,423,1.0,4.0,8.0,X,6.0,9.0,5,1
A#,m,424,1.0,4.0,X,3.0,6.0,9.0,5,1
A#,m,425,9.0,8.0,8.0,X,6.0,9.0,5,1
A#,m,426,9.0,8.0,X,3.0,6.0,9.0,5,1
A#,m,427,9.0,X,3.0,3.0,6.0,9.0,5,1
A#,m,428,X,4.0,3.0,3.0,6.0,9.0,5,1
A#,m,429,1.0,4.0,3.0,3.0,6.0,X,5,1
A#,m,430,1.0,4.0,3.0,3.0,X,1.0,5,1
A#,m,431,1.0,8.0,8.0,6.0,X,9.0,5,1
A#,m,432,1.0,8.0,8.0,X,2.0,9.0,5,1
A#,m,433,1.0,8.0,X,3.0,2.0,9.0,5,1
A#,m,434,1.0,X,3.0,3.0,2.0,9.0,5,1
A#,m,435,1.0,X,8.0,6.0,6.0,9.0,5,1
A#,m,436,X,8.0,8.0,6.0,6.0,9.0,5,1
A#,m,437,1.0,8.0,8.0,6.0,6.0,X,5,1
A#,m,438,1.0,8.0,8.0,6.0,X,1.0,5,1
A#,m,439,1.0,8.0,8.0,X,2.0,1.0,5,1
A#,m,440,1.0,8.0,X,3.0,2.0,1.0,5,1
A#,m,441,1.0,X,3.0,3.0,2.0,1.0,5,1
A#,m,442,1.0,8.0,8.0,X,6.0,9.0,5,1
A#,m,443,1.0,8.0,X,3.0,6.0,9.0,5,1
A#,m,444,1.0,X,3.0,3.0,6.0,9.0,5,1
A#,m,445,1.0,4.0,3.0,6.0,X,6.0,5,1
A#,m,446,1.0,4.0,3.0,X,2.0,6.0,5,1
A#,m,447,1.0,4.0,X,6.0,6.0,6.0,5,1
A#,m,448,9.0,8.0,X,6.0,6.0,6.0,5,1
A#,m,449,9.0,X,3.0,6.0,6.0,6.0,5,1
A#,m,450,X,4.0,3.0,6.0,6.0,6.0,5,1
A#,m,451,1.0,4.0,3.0,X,6.0,6.0,5,1
A#,m,452,1.0,8.0,X,6.0,6.0,6.0,5,1
A#,m,453,1.0,X,3.0,6.0,6.0,6.0,5,1
A#,m,454,6.0,4.0,3.0,3.0,2.0,6.0,6,0
A#,m,455,9.0,1.0,3.0,3.0,2.0,6.0,6,0
A#,m,456,6.0,4.0,8.0,6.0,6.0,6.0,6,0
A#,m,457,9.0,1.0,8.0,6.0,6.0,6.0,6,0
A#,m,458,6.0,4.0,3.0,3.0,6.0,6.0,6,0
A#,m,459,9.0,1.0,3.0,3.0,6.0,6.0,6,0
A#,m,460,1.0,1.0,3.0,3.0,2.0,6.0,6,1
A#,m,461,1.0,1.0,8.0,6.0,6.0,6.0,6,1
A#,m,462,6.0,8.0,8.0,6.0,6.0,6.0,6,0
A#,m,463,6.0,4.0,3.0,3.0,2.0,9.0,6,0
A#,m,464,9.0,1.0,3.0,3.0,2.0,9.0,6,0
A#,m,465,6.0,4.0,8.0,6.0,6.0,9.0,6,0
A#,m,466,9.0,1.0,8.0,6.0,6.0,9.0,6,0
A#,m,467,6.0,4.0,3.0,3.0,2.0,1.0,6,0
A#,m,468,9.0,1.0,3.0,3.0,2.0,1.0,6,0
A#,m,469,6.0,4.0,3.0,3.0,6.0,9.0,6,0
A#,m,470,9.0,1.0,3.0,3.0,6.0,9.0,6,0
A#,m,471,1.0,1.0,3.0,3.0,2.0,9.0,6,1
A#,m,472,1.0,1.0,8.0,6.0,6.0,9.0,6,1
A#,m,473,6.0,8.0,8.0,6.0,6.0,9.0,6,0
A#,m,474,1.0,1.0,3.0,3.0,2.0,1.0,6,1
A#,m,475,1.0,1.0,3.0,3.0,6.0,9.0,6,1
A#,m,476,6.0,4.0,3.0,6.0,6.0,6.0,6,0
A#,m,477,9.0,1.0,3.0,6.0,6.0,6.0,6,0
A#,m,478,1.0,1.0,3.0,6.0,6.0,6.0,6,1
A#,m,479,6.0,4.0,3.0,6.0,6.0,9.0,6,0
A#,m,480,9.0,1.0,3.0,6.0,6.0,9.0,6,0
A#,m,481,1.0,1.0,3.0,6.0,6.0,9.0,6,1
A#,m,482,1.0,4.0,3.0,3.0,2.0,6.0,6,1
A#,m,483,1.0,4.0,8.0,6.0,6.0,6.0,6,1
A#,m,484,9.0,8.0,8.0,6.0,6.0,6.0,6,1
A#,m,485,1.0,4.0,3.0,3.0,6.0,6.0,6,1
A#,m,486,1.0,8.0,8.0,6.0,6.0,6.0,6,1
A#,m,487,1.0,4.0,3.0,3.0,2.0,9.0,6,1
A#,m,488,1.0,4.0,8.0,6.0,6.0,9.0,6,1
A#,m,489,9.0,8.0,8.0,6.0,6.0,9.0,6,1
A#,m,490,1.0,4.0,3.0,3.0,2.0,1.0,6,1
A#,m,491,1.0,4.0,3.0,3.0,6.0,9.0,6,1
A#,m,492,1.0,8.0,8.0,6.0,6.0,9.0,6,1
A#,m,493,1.0,4.0,3.0,6.0,6.0,6.0,6,1
